{
  "Author": "T3chnicalD3ath Inc.",
  "Name": "Hunter",
  "InternalName": "Hunter",
  "AssemblyVersion": "1.0.0.0",
  "Description": "Tracks item collection progress and targets relevant mobs",
  "ApplicableVersion": "any",
  "RepoUrl": "",
  "Tags": [
    "hunting",
    "gathering",
    "automation"
  ],
  "DalamudApiLevel": 13,
  "LoadRequiredState": 0,
  "LoadSync": false,
  "CanUnloadAsync": false,
  "LoadPriority": 0,
  "Punchline": "Automatically hunt mobs for specific items",
  "AcceptsFeedback": true
}