[  
  { "Id": 17465, "Name": "Alpaca", "TerritoryId": 1187.0, "Positions": [{ "X": 532.6, "Y": -128.5, "Z": -396.36 }], "LootItems": [ "Alpaca Fillet" ] },
  { "Id": 173, "Name": "Basilisk", "TerritoryId": 147.0, "Positions": [{ "X": 134.8, "Y": 27.8, "Z": 49.8 }, { "X": 32.9, "Y": 30.0, "Z": 89.3 }, { "X": 6.4, "Y": 21.5, "Z": 177.2 }], "LootItems": [ "Basilisk Egg" ] },
  { "Id": 4029, "Name": "Sun Bear", "TerritoryId": 399.0, "Positions": [{ "X": -778.75, "Y": 147.65, "Z": -103.67 }, { "X": -870.57, "Y": 166.38, "Z": 5.47 }], "LootItems": [ "Bear Fat"] },
  { "Id": 4, "Name": "Antelope Stag", "TerritoryId": 153, "Positions": [{ "X": 17.71, "Y": 5.19, "Z": -91.26 }, { "X": 116.36, "Y": 6.61, "Z": -53.57 }, { "X": 268.76, "Y": 7.14, "Z": -172.21 }], "LootItems": ["Beast Sinew"] },
  { "Id": 41, "Name": "Hoverfly Swarm", "TerritoryId": 153.0, "Positions": [{ "X": -49.01, "Y": 0.80, "Z": 361.74 }, { "X": -183.09, "Y": 1.07, "Z": 266.95 }, { "X": -273.31, "Y": 0.77, "Z": 319.86 }, { "X": -287.32, "Y": -0.50, "Z": 445.66 }, { "X": -124.22, "Y": 0.54, "Z": 457.73 }], "LootItems": ["Beastkin Blood"] },
  { "Id": 191, "Name": "Mists Biast", "TerritoryId": 400.0, "Positions": [{ "X": 424.04, "Y": 24.41, "Z": 381.40 }, { "X": 554.10, "Y": 22.42, "Z": 476.05 }, { "X": 488.57, "Y": 24.82, "Z": 532.91 }], "LootItems": ["Biast Scales"] },
  { "Id": 23, "Name": "Kedtrap", "TerritoryId": 153, "Positions": [{ "X": -67.04, "Y": 4.11, "Z": -54.15 }, { "X": -261.20, "Y": 12.00, "Z": -84.25 }, { "X": -257.20, "Y": 13.97, "Z": 67.15 }], "LootItems": ["Blue Landtrap Leaf"] },
  { "Id": 159, "Name": "River Yarzon", "TerritoryId": 153, "Positions": [{ "X": 122.08, "Y": 6.31, "Z": 26.16 }, { "X": 51.48, "Y": 4.62, "Z": 54.06 }], "LootItems": ["Blue Yarzon Leg"] },
  { "Id": 16, "Name": "Wild Hog", "TerritoryId": 153, "Positions": [{ "X": 414.35, "Y": 2.57, "Z": 164.68 }, { "X": 457.01, "Y": 1.77, "Z": 188.96 }, { "X": 534.48, "Y": 8.71, "Z": 190.65 }], "LootItems": ["Boar Hide"] },
  { "Id": 17, "Name": "Smoke Bomb", "TerritoryId": 146.1, "Positions": [{ "X": -60.13, "Y": -3.17, "Z": 673.91 }, { "X": -40.56, "Y": -0.54, "Z": 772.97 }, { "X": -133.66, "Y": -2.57, "Z": 788.13 }, { "X": -156.72, "Y": -0.45, "Z": 711.04 }], "LootItems": ["Bomb Ash"] },
  { "Id": 20, "Name": "Magicked Bones ", "TerritoryId": 148.0, "Positions": [{ "X": -62.98, "Y": -39.85, "Z": 312.22 }], "LootItems": ["Bone Chip"] },
  { "Id": 17255, "Name": "Vawtsaral Br'aax ", "TerritoryId": 1189.0, "Positions": [{ "X": -406.26, "Y": 33.62, "Z": -591.00 }, { "X": -504.81, "Y": 31.63, "Z": -564.48 }, { "X": -381.59, "Y": 23.62, "Z": -673.75 }], "LootItems": ["Br'aax Hide"] },
  { "Id": 17251, "Name": "Branchbearer ", "TerritoryId": 1189.0, "Positions": [{ "X": -186.94, "Y": -157.67, "Z": 195.41 }, { "X": -118.29, "Y": -146.59, "Z": 70.48 }, { "X": -76.31, "Y": -164.83, "Z": 263.38 }, { "X": -311.72, "Y": -155.73, "Z": 197.98 }], "LootItems": ["Branchbearer Fruit"] },
  { "Id": 322, "Name": "Large Buffalo ", "TerritoryId": 137.0, "Positions": [{ "X": 399.33, "Y": 26.99, "Z": 501.84 }, { "X": 324.14, "Y": 36.93, "Z": 439.18 }, { "X": 291.45, "Y": 43.66, "Z": 347.76 }, { "X": 279.89, "Y": 42.05, "Z": 537.06 }], "LootItems": ["Buffalo Sirloin"] },
  { "Id": 176, "Name": "Sabotender", "TerritoryId": 146.0, "Positions": [{ "X": -286.83, "Y": 17.17, "Z": -292.52 }, { "X": -334.31, "Y": 13.05, "Z": -282.53 }, { "X": -349.43, "Y": 12.41, "Z": -343.04 }], "LootItems": ["Cactuar Needle"] },
  { "Id": 4035, "Name": "Cockatrice", "TerritoryId": 399.0, "Positions": [{ "X": -224.90, "Y": 154.93, "Z": 543.84 }, { "X": -180.10, "Y": 143.59, "Z": 610.46 }, { "X": -123.00, "Y": 151.95, "Z": 726.73 }, { "X": -198.85, "Y": 140.80, "Z": 696.30 }], "LootItems": ["Cockatrice Thigh"] },
  { "Id": 117, "Name": "Jungle Coeurl", "TerritoryId": 137.1, "Positions": [{ "X": -176.12, "Y": 39.82, "Z": 340.98 }, { "X": -106.77, "Y": 46.20, "Z": 286.13 }], "LootItems": ["Coeurl Meat"] },
  { "Id": 117.1, "Name": "Jungle Coeurl", "TerritoryId": 137.1, "Positions": [{ "X": -176.12, "Y": 39.82, "Z": 340.98 }, { "X": -106.77, "Y": 46.20, "Z": 286.13 }], "LootItems": ["Coeurl Skin"] },
  { "Id": 4024, "Name": "Crawler", "TerritoryId": 399.0, "Positions": [{ "X": -522.81, "Y": 143.94, "Z": -314.65 }, { "X": -512.33, "Y": 147.75, "Z": -191.32 }, { "X": -642.59, "Y": 141.43, "Z": -212.30 }], "LootItems": ["Crawler Cocoon"] },
  { "Id": 4803, "Name": "Deepeye", "TerritoryId": 397.0, "Positions": [{ "X": 430.89, "Y": 170.64, "Z": 432.86 }, { "X": 420.57, "Y": 166.78, "Z": 298.05 }, { "X": 381.57, "Y": 167.41, "Z": 211.43 }], "LootItems": ["Deepeye Tears"] },
  { "Id": 4069, "Name": "Dhalmel", "TerritoryId": 401.0, "Positions": [{ "X": 182.18, "Y": -82.11, "Z": 350.49 }, { "X": -99.52, "Y": -127.08, "Z": 323.93 }], "LootItems": ["Dhalmel Hide"] },
  { "Id": 4069.1, "Name": "Dhalmel", "TerritoryId": 401.0, "Positions": [{ "X": 182.18, "Y": -82.11, "Z": 350.49 }, { "X": -99.52, "Y": -127.08, "Z": 323.93 }], "LootItems": ["Dhalmel Meat"] },
  { "Id": 4069.2, "Name": "Dhalmel", "TerritoryId": 401.0, "Positions": [{ "X": 182.18, "Y": -82.11, "Z": 350.49 }, { "X": -99.52, "Y": -127.08, "Z": 323.93 }], "LootItems": ["Dhalmel Saliva"] },
  { "Id": 11, "Name": "Banemite", "TerritoryId": 154.0, "Positions": [{ "X": -165.35, "Y": -46.88, "Z": 227.59 }, { "X": -254.77, "Y": -24.34, "Z": 226.67 }, { "X": -213.95, "Y": -58.48, "Z": 306.25 }], "LootItems": ["Diremite Sinew"] },
  { "Id": 11.1, "Name": "Banemite", "TerritoryId": 154.0, "Positions": [{ "X": -165.35, "Y": -46.88, "Z": 227.59 }, { "X": -254.77, "Y": -24.34, "Z": 226.67 }, { "X": -213.95, "Y": -58.48, "Z": 306.25 }], "LootItems": ["Diremite Web"] },
  { "Id": 340, "Name": "Fat Dodo", "TerritoryId": 138.0, "Positions": [{ "X": 619.54, "Y": 22.43, "Z": 390.34 }, { "X": 553.40, "Y": 29.50, "Z": 329.45 }], "LootItems": ["Dodo Egg"] },
  { "Id": 340.1, "Name": "Fat Dodo", "TerritoryId": 138.0, "Positions": [{ "X": 619.54, "Y": 22.43, "Z": 390.34 }, { "X": 553.40, "Y": 29.50, "Z": 329.45 }], "LootItems": ["Dodo Feather"] },
  { "Id": 340.2, "Name": "Fat Dodo", "TerritoryId": 138.0, "Positions": [{ "X": 619.54, "Y": 22.43, "Z": 390.34 }, { "X": 553.40, "Y": 29.50, "Z": 329.45 }], "LootItems": ["Dodo Tenderloin"] },
  { "Id": 4469, "Name": "Blood Dragon", "TerritoryId": 400.1, "Positions": [{ "X": 140.66, "Y": 211.76, "Z": -708.26 }, { "X": 270.56, "Y": 223.00, "Z": -578.47 }], "LootItems": ["Dragon Blood"] },
  { "Id": 4469.1, "Name": "Blood Dragon", "TerritoryId": 400.1, "Positions": [{ "X": 140.66, "Y": 211.76, "Z": -708.26 }, { "X": 270.56, "Y": 223.00, "Z": -578.47 }], "LootItems": ["Dragon Fang"] },
  { "Id": 4469.2, "Name": "Blood Dragon", "TerritoryId": 400.1, "Positions": [{ "X": 140.66, "Y": 211.76, "Z": -708.26 }, { "X": 270.56, "Y": 223.00, "Z": -578.47 }], "LootItems": ["Dragon Scale"] },
  { "Id": 4469.3, "Name": "Blood Dragon", "TerritoryId": 400.1, "Positions": [{ "X": 140.66, "Y": 211.76, "Z": -708.26 }, { "X": 270.56, "Y": 223.00, "Z": -578.47 }], "LootItems": ["Dragon Skin"] },
  { "Id": 190, "Name": "Mists Drake", "TerritoryId": 400.0, "Positions": [{ "X": -531.15, "Y": 117.32, "Z": -253.42 }, { "X": -632.89, "Y": 115.53, "Z": -290.54 }, { "X": -569.32, "Y": 114.99, "Z": -210.02 }], "LootItems": ["Drake Scales"] },
  { "Id": 13373, "Name": "Dynamite", "TerritoryId": 959.0, "Positions": [{ "X": -532.23, "Y": 140.10, "Z": 106.14 }, { "X": -474.19, "Y": 140.09, "Z": -32.74 }], "LootItems": ["Dynamite Ash"] },
  { "Id": 6632, "Name": "Steppe Dzo", "TerritoryId": 622.0, "Positions": [{ "X": 286.53, "Y": -16.30, "Z": 493.48 }, { "X": 391.02, "Y": -12.19, "Z": 542.35 }, { "X": 480.07, "Y": -20.75, "Z": 616.81 }, { "X": 327.52, "Y": -28.73, "Z": 616.70 }], "LootItems": ["Dzo Chuck"] },
  { "Id": 6632.1, "Name": "Steppe Dzo", "TerritoryId": 622.0, "Positions": [{ "X": 286.53, "Y": -16.30, "Z": 493.48 }, { "X": 391.02, "Y": -12.19, "Z": 542.35 }, { "X": 480.07, "Y": -20.75, "Z": 616.81 }, { "X": 327.52, "Y": -28.73, "Z": 616.70 }], "LootItems": ["Dzo Horn"] },
  { "Id": 139, "Name": "Mudpuppy", "TerritoryId": 155.0, "Positions": [{ "X": -163.41, "Y": 215.85, "Z": 453.46 }, { "X": -254.92, "Y": 225.36, "Z": 447.94 }, { "X": -334.21, "Y": 227.55, "Z": 464.41 }, { "X": -444.88, "Y": 233.31, "Z": 448.47 }, { "X": -541.38, "Y": 235.00, "Z": 402.19 }], "LootItems": ["Eft Tail"] },
  { "Id": 13432, "Name": "Bird of Elpis", "TerritoryId": 961.0, "Positions": [{ "X": 296.56, "Y": 7.02, "Z": 183.94 }, { "X": 409.19, "Y": -8.81, "Z": 289.29 }, { "X": 394.58, "Y": -1.89, "Z": 136.86 }], "LootItems": ["Egg of Elpis"] },
  { "Id": 719, "Name": "Ornery Karakul", "TerritoryId": 155.0, "Positions": [{ "X": 342.42, "Y": 310.48, "Z": -402.02 }, { "X": 24.24, "Y": 298.95, "Z": -228.20 }], "LootItems": ["Fleece"] },
  { "Id": 197, "Name": "Antling Soldier", "TerritoryId": 141.0, "Positions": [{ "X": 71.68, "Y": 30.87, "Z": -84.64 }, { "X": 134.30, "Y": 1.01, "Z": -142.92 }, { "X": 209.54, "Y": -1.39, "Z": -85.30 }], "LootItems": ["Formic Acid"] },
  { "Id": 6595, "Name": "Gagana", "TerritoryId": 612.0, "Positions": [{ "X": 313.74, "Y": 72.82, "Z": -205.08 }, { "X": 495.38, "Y": 120.46, "Z": -238.63 }], "LootItems": ["Gagana Egg"] },
  { "Id": 6595.1, "Name": "Gagana", "TerritoryId": 612.0, "Positions": [{ "X": 313.74, "Y": 72.82, "Z": -205.08 }, { "X": 495.38, "Y": 120.46, "Z": -238.63 }], "LootItems": ["Gagana Skin"] },
  { "Id": 13533, "Name": "Gaja", "TerritoryId": 957.0, "Positions": [{ "X": 83.62, "Y": 25.87, "Z": 456.39 }, { "X": 25.95, "Y": 51.65, "Z": 316.15 },{ "X": -125.86, "Y": 23.05, "Z": 445.93 }], "LootItems": ["Gaja Hide"] },
  { "Id": 5, "Name": "Opo-opo", "TerritoryId": 154.0, "Positions": [{ "X": 318.40, "Y": -9.09, "Z": 140.41 }, { "X": 311.72, "Y": -18.62, "Z": 205.30 }], "LootItems": ["Galago Mint"] },
  { "Id": 17515, "Name": "Gargantua", "TerritoryId": 1192.1, "Positions": [{ "X": 630.06, "Y": 27.95, "Z": -33.84 }, { "X": 744.32, "Y": 21.70, "Z": -55.50 }, { "X": 719.30, "Y": 27.79, "Z": -155.36 }], "LootItems": ["Gargantua Hide"] },
  { "Id": 55, "Name": "ALL 2nd Cohorts", "TerritoryId": 137.1, "Positions": [{ "X": 447.38, "Y": 76.18, "Z": -105.66 },{ "X": 482.86, "Y": 76.18, "Z": -69.80 }], "LootItems": ["Garlean Fiber"] },
  { "Id": 55.1, "Name": "ALL 2nd Cohorts", "TerritoryId": 137.1, "Positions": [{ "X": 447.38, "Y": 76.18, "Z": -105.66 },{ "X": 482.86, "Y": 76.18, "Z": -69.80 }], "LootItems": ["Garlean Rubber"] },
  { "Id": 201, "Name": "ALL Vanguards", "TerritoryId": 137.1, "Positions": [{ "X": 447.38, "Y": 76.18, "Z": -105.66 },{ "X": 482.86, "Y": 76.18, "Z": -69.80 }], "LootItems": ["Garlean Steel Joint"] },
  { "Id": 4812, "Name": "Gastornis", "TerritoryId": 401.0, "Positions": [{ "X": -527.06, "Y": -165.76, "Z": 582.02 }, { "X": -401.12, "Y": -186.88, "Z": 697.41 }, { "X": -335.92, "Y": -182.80, "Z": 664.01 }], "LootItems": ["Gastornis Egg"] },
  { "Id": 6664, "Name": "Gazelle", "TerritoryId": 612.1, "Positions": [{ "X": 116.25, "Y": 47.98, "Z": 531.63 }, { "X": 237.96, "Y": 45.97, "Z": 470.27 }, { "X": 152.64, "Y": 40.79, "Z": 396.63 }], "LootItems": ["Gazelle Hide"] },
  { "Id": 6664.1, "Name": "Gazelle", "TerritoryId": 612.1, "Positions": [{ "X": 116.25, "Y": 47.98, "Z": 531.63 }, { "X": 237.96, "Y": 45.97, "Z": 470.27 }, { "X": 152.64, "Y": 40.79, "Z": 396.63 }], "LootItems": ["Gazelle Horn"] },
  { "Id": 5102, "Name": "Gelato", "TerritoryId": 397.0, "Positions": [{ "X": -585.61, "Y": 118.95, "Z": -286.15 }, { "X": -542.26, "Y": 118.95, "Z": -186.65 }, { "X": -650.84, "Y": 118.95, "Z": -211.65 }], "LootItems": ["Gelato Flesh"] },
  { "Id": 27, "Name": "Nix", "TerritoryId": 156.0, "Positions": [{ "X": -128.28, "Y": -2.12, "Z": -636.90 }, { "X": -211.66, "Y": 6.44, "Z": -654.61 }, { "X": -259.02, "Y": -5.45, "Z": -543.76 }], "LootItems": ["Gigantoad Skin"] },
  { "Id": 17488, "Name": "Gomphotherium", "TerritoryId": 1191.2, "Positions": [{ "X": -455.75, "Y": 37.02, "Z": -198.89 }, { "X": -359.41, "Y": 45.09, "Z": -184.47 }, { "X": -275.71, "Y": 60.98, "Z": -266.27 }, { "X": -352.43, "Y": 39.06, "Z": -286.98 }], "LootItems": ["Gomphotherium Skin"] },
  { "Id": 720, "Name": "Snowstorm Goobue", "TerritoryId": 155.0, "Positions": [{ "X": 102.44, "Y": 286.38, "Z": -202.56 }, { "X": -41.44, "Y": 298.90, "Z": -205.84 }], "LootItems": ["Goobbue Fang"] },
  { "Id": 10254, "Name": "Green Glider", "TerritoryId": 816.2, "Positions": [{ "X": 150.01, "Y": 26.97, "Z": -96.56 }, { "X": 255.24, "Y": 41.75, "Z": -140.70 }, { "X": 211.02, "Y": 25.00, "Z": -256.16 }], "LootItems": ["Green Glider Skin"] },
  { "Id": 326, "Name": "Megalocrab", "TerritoryId": 135.0, "Positions": [{ "X": -187.92, "Y": 0.05, "Z": 679.57 }, { "X": -128.13, "Y": 0.76, "Z": 734.19 }, { "X": -55.81, "Y": 2.99, "Z": 793.59 }], "LootItems": ["Green Megalocrab Shell"] },
  { "Id": 4048, "Name": "Griffin", "TerritoryId": 401.1, "Positions": [{ "X": -813.43, "Y": -89.82, "Z": -722.77 }, { "X": -721.01, "Y": -90.68, "Z": -725.45 }, { "X": -656.86, "Y": -92.57, "Z": -783.66 }, { "X": -727.20, "Y": -89.41, "Z": -812.77 }], "LootItems": ["Griffin Hide"] },
  { "Id": 4048.1, "Name": "Griffin", "TerritoryId": 401.1, "Positions": [{ "X": -813.43, "Y": -89.82, "Z": -722.77 }, { "X": -721.01, "Y": -90.68, "Z": -725.45 }, { "X": -656.86, "Y": -92.57, "Z": -783.66 }, { "X": -727.20, "Y": -89.41, "Z": -812.77 }], "LootItems": ["Griffin Talon"] },
  { "Id": 6637, "Name": "Gyuki", "TerritoryId": 613.1, "Positions": [{ "X": -201.58, "Y": 1.72, "Z": -563.60 }, { "X": -370.01, "Y": 2.04, "Z": -568.56 }, { "X": -259.77, "Y": 1.82, "Z": -688.96 }], "LootItems": ["Gyuki Hide"] },
  { "Id": 6644, "Name": "Halgai", "TerritoryId": 622.1, "Positions": [{ "X": -36.54, "Y": 27.30, "Z": -122.57 }, { "X": -46.71, "Y": 39.05, "Z": -280.07 }, { "X": -192.99, "Y": 45.88, "Z": -260.50 }], "LootItems": ["Halgai Mane"] },
  { "Id": 17228, "Name": "Hammerhead Crocodile", "TerritoryId": 1188.0, "Positions": [{ "X": -709.91, "Y": 1.11, "Z": -441.48 }, { "X": -676.93, "Y": 0.99, "Z": -516.42 }, { "X": -611.88, "Y": 0.40, "Z": -564.72 }, { "X": -493.16, "Y": 1.66, "Z": -608.90 }], "LootItems": ["Hammerhead Crocodile Skin"] },
  { "Id": 13528, "Name": "Hamsa", "TerritoryId": 957.1, "Positions": [{ "X": -290.10, "Y": 14.71, "Z": 212.07 }, { "X": -208.26, "Y": 19.35, "Z": 270.71 }, { "X": -91.81, "Y": 39.27, "Z": 217.46 }], "LootItems": ["Hamsa Tenderloin"] },
  { "Id": 645, "Name": "Hippogryph", "TerritoryId": 156.0, "Positions": [{ "X": 275.29, "Y": 33.53, "Z": -680.14 }, { "X": 362.27, "Y": 20.38, "Z": -732.94 }, { "X": 363.14, "Y": -1.82, "Z": -695.07 }, { "X": 300.26, "Y": 20.22, "Z": -682.24 }], "LootItems": ["Hippogryph Sinew"] },
  { "Id": 645.1, "Name": "Hippogryph", "TerritoryId": 156.0, "Positions": [{ "X": 275.29, "Y": 33.53, "Z": -680.14 }, { "X": 362.27, "Y": 20.38, "Z": -732.94 }, { "X": 363.14, "Y": -1.82, "Z": -695.07 }, { "X": 300.26, "Y": 20.22, "Z": -682.24 }], "LootItems": ["Hippogryph Skin"] },
  { "Id": 10372, "Name": "Hoptrap", "TerritoryId": 813.1, "Positions": [{ "X": 54.63, "Y": 5.54, "Z": 51.33 }, { "X": 261.35, "Y": 9.19, "Z": 39.54 }, { "X": 363.57, "Y": 2.28, "Z": 182.48 }], "LootItems": ["Hoptrap Leaf"] },
  { "Id": 6679, "Name": "Ruby Hornbill", "TerritoryId": 613.0, "Positions": [{ "X": 656.00, "Y": 79.81, "Z": -165.43 }, { "X": 771.21, "Y": 54.54, "Z": -111.26 }, { "X": 827.42, "Y": 46.74, "Z": -200.31 }, { "X": 591.48, "Y": 32.58, "Z": 58.06 }], "LootItems": ["Hornbill Tenderloin"] },
  { "Id": 10312, "Name": "Hydrozoan", "TerritoryId": 818.0, "Positions": [{ "X": -170.95, "Y": 424.38, "Z": -682.08 }, { "X": -147.69, "Y": 405.83, "Z": -628.95 }, { "X": -10.52, "Y": 429.26, "Z": -710.82 }], "LootItems": ["Hydrozoan Umbrella"] },
  { "Id": 4804, "Name": "Icetrap", "TerritoryId": 397.0, "Positions": [{ "X": 164.85, "Y": 138.35, "Z": -151.33 }, { "X": 138.73, "Y": 132.67, "Z": -251.45 }, { "X": 64.74, "Y": 122.69, "Z": -320.90 }, { "X": 84.75, "Y": 132.51, "Z": -413.87 }], "LootItems": ["Icetrap Leaf"] },
  { "Id": 21, "Name": "Vandalous Imp", "TerritoryId": 145.0, "Positions": [{ "X": -352.12, "Y": -17.39, "Z": -129.32 }, { "X": -385.63, "Y": -7.92, "Z": -230.49 }], "LootItems": ["Imp Wing"] },
  { "Id": 10408, "Name": "Island Wolf", "TerritoryId": 814.1, "Positions": [{ "X": 117.22, "Y": 30.38, "Z": 179.92 }, { "X": 131.83, "Y": 46.85, "Z": 86.82 }, { "X": 226.65, "Y": 62.30, "Z": 42.94 }, { "X": 289.26, "Y": 38.75, "Z": 112.19 }], "LootItems": ["Island Wolf Fang"] },
  { "Id": 312, "Name": "Sea Wasp", "TerritoryId": 138.1, "Positions": [{ "X": -354.46, "Y": -39.59, "Z": -217.40 }], "LootItems": ["Jellyfish Cnida"] },
  { "Id": 312.1, "Name": "Sea Wasp", "TerritoryId": 138.1, "Positions": [{ "X": -354.46, "Y": -39.59, "Z": -217.40 }], "LootItems": ["Jellyfish Umbrella"] },
  { "Id": 6605, "Name": "Jhammel", "TerritoryId": 620.1, "Positions": [{ "X": 385.43, "Y": 329.80, "Z": 421.88 }, { "X": 229.09, "Y": 310.39, "Z": 465.95 }, { "X": 206.59, "Y": 312.16, "Z": 347.54 }, { "X": 319.53, "Y": 321.94, "Z": 311.94 }], "LootItems": ["Jhammel Haunch"] },
  { "Id": 719.1, "Name": "Ornery Karakul", "TerritoryId": 155.0, "Positions": [{ "X": 342.42, "Y": 310.48, "Z": -402.02 }, { "X": 24.24, "Y": 298.95, "Z": -228.20 }], "LootItems": ["Karakul Skin"] },
  { "Id": 13542, "Name": "Kumbhira", "TerritoryId": 957.2, "Positions": [{ "X": 225.52, "Y": 4.27, "Z": -486.94 }, { "X": 337.23, "Y": 4.25, "Z": -351.58 }, { "X": 407.39, "Y": 5.44, "Z": -42.58 }], "LootItems": ["Kumbhira Skin"] },
  { "Id": 55.2, "Name": "ALL 2nd Cohorts", "TerritoryId": 137.1, "Positions": [{ "X": 447.38, "Y": 76.18, "Z": -105.66 },{ "X": 482.86, "Y": 76.18, "Z": -69.80 }], "LootItems": ["Legionary Visor"] },
  { "Id": 17227, "Name": "Lesser Apollyon", "TerritoryId": 1188.2, "Positions": [{ "X": -763.63, "Y": 144.59, "Z": -20.32 }, { "X": -662.34, "Y": 139.01, "Z": -44.15 }, { "X": -707.16, "Y": 143.84, "Z": 33.45 }], "LootItems": ["Lesser Apollyon Shell"] },
  { "Id": 4012, "Name": "Loaghtan", "TerritoryId": 398.0, "Positions": [{ "X": 92.09, "Y": -113.81, "Z": 404.80 }, { "X": 195.71, "Y": -110.97, "Z": 406.08 }, { "X": 104.85, "Y": -116.77, "Z": 466.83 }], "LootItems": ["Loaghtan Chump"] },
  { "Id": 10259, "Name": "Rainbow Lorikeet", "TerritoryId": 816.1, "Positions": [{ "X": 131.52, "Y": 72.14, "Z": -678.83 }, { "X": 244.09, "Y": 67.87, "Z": -667.07 }, { "X": 204.41, "Y": 30.74, "Z": -517.22 }], "LootItems": ["Lorikeet Down"] },
  { "Id": 10259.1, "Name": "Rainbow Lorikeet", "TerritoryId": 816.1, "Positions": [{ "X": 131.52, "Y": 72.14, "Z": -678.83 }, { "X": 244.09, "Y": 67.87, "Z": -667.07 }, { "X": 204.41, "Y": 30.74, "Z": -517.22 }], "LootItems": ["Lorikeet Egg"] },
  { "Id": 13361, "Name": "Lunatender", "TerritoryId": 959.0, "Positions": [{ "X": 213.26, "Y": 62.73, "Z": 436.92 }, { "X": 357.77, "Y": 86.61, "Z": 417.62 }, { "X": 278.94, "Y": 90.72, "Z": 573.33 }], "LootItems": ["Lunatender Blossom"] },
  { "Id": 13393, "Name": "Luncheon Toad", "TerritoryId": 956.1, "Positions": [{ "X": -81.70, "Y": 60.58, "Z": -411.64 }, { "X": -48.84, "Y": 80.02, "Z": -508.12 }, { "X": 67.47, "Y": 73.06, "Z": -425.44 }], "LootItems": ["Luncheon Toad Skin"] },
  { "Id": 6643, "Name": "Manzasiri", "TerritoryId": 622.2, "Positions": [{ "X": -630.18, "Y": 17.54, "Z": 586.07 }, { "X": -575.37, "Y": 4.12, "Z": 677.04 }], "LootItems": ["Manzasiri Hair"] },
  { "Id": 6693, "Name": "Mammoth", "TerritoryId": 622.1, "Positions": [{ "X": 202.14, "Y": 22.84, "Z": -231.67 }, { "X": 326.95, "Y": 10.28, "Z": -131.44 }, { "X": 427.61, "Y": 17.16, "Z": -276.52 }], "LootItems": ["Marid Hide"] },
  { "Id": 351, "Name": "Star Marmot", "TerritoryId": 141.0, "Positions": [{ "X": -134.25, "Y": 8.86, "Z": 262.11 }, { "X": -23.95, "Y": 2.47, "Z": 282.15 }, { "X": -101.70, "Y": -1.70, "Z": 193.04 }], "LootItems": ["Marmot Meat"] },
  { "Id": 326.1, "Name": "Megalocrab", "TerritoryId": 135.0, "Positions": [{ "X": -187.92, "Y": 0.05, "Z": 679.57 }, { "X": -128.13, "Y": 0.76, "Z": 734.19 }, { "X": -55.81, "Y": 2.99, "Z": 793.59 }], "LootItems": ["Megalocrab Leg"] },
  { "Id": 205, "Name": "Moraby Mole", "TerritoryId": 135.0, "Positions": [{ "X": -30.96, "Y": 38.21, "Z": 632.49 }, { "X": -17.61, "Y": 41.72, "Z": 725.00 }], "LootItems": ["Mole Meat"] },
  { "Id": 140, "Name": "Morbol", "TerritoryId": 152, "Positions": [{ "X": 89.94, "Y": 8.64, "Z": -32.67 }], "LootItems": ["Morbol Vine"] },
  { "Id": 7449, "Name": "Fluturini", "TerritoryId": 620.0, "Positions": [{ "X": -613.78, "Y": 59.13, "Z": -462.90 }, { "X": -467.16, "Y": 69.83, "Z": -491.70 }, { "X": -338.76, "Y": 57.47, "Z": -666.56 }], "LootItems": ["Moth Scales"] },
  { "Id": 13376, "Name": "Mousse", "TerritoryId": 959.0, "Positions": [{ "X": -374.80, "Y": 107.79, "Z": 128.50 }, { "X": -276.66, "Y": 85.25, "Z": 112.36 }, { "X": -295.02, "Y": 82.00, "Z": 236.61 }], "LootItems": ["Mousse Flesh"] },
  { "Id": 30, "Name": "Sandstone Golem", "TerritoryId": 146.0, "Positions": [{ "X": 65.97, "Y": 5.96, "Z": -447.82 }, { "X": 171.75, "Y": 11.94, "Z": -449.77 }], "LootItems": ["Mudstone"] },
  { "Id": 338, "Name": "Lost Lamb", "TerritoryId": 134.0, "Positions": [{ "X": 85.75, "Y": 46.16, "Z": 153.54 }, { "X": 78.19, "Y": 59.36, "Z": 246.88 }], "LootItems": ["Mutton Loin"] },
  { "Id": 6585, "Name": "Muud Suud", "TerritoryId": 620.1, "Positions": [{ "X": -822.91, "Y": 277.70, "Z": 698.07 }, { "X": -666.74, "Y": 263.17, "Z": 605.12 }], "LootItems": ["Muud Suud Horn"] },
  { "Id": 322.1, "Name": "Large Buffalo ", "TerritoryId": 137.0, "Positions": [{ "X": 399.33, "Y": 26.99, "Z": 501.84 }, { "X": 324.14, "Y": 36.93, "Z": 439.18 }, { "X": 291.45, "Y": 43.66, "Z": 347.76 }, { "X": 279.89, "Y": 42.05, "Z": 537.06 }], "LootItems": ["Night Milk"] },
  { "Id": 17270, "Name": "Nopalitender", "TerritoryId": 1190.1, "Positions": [{ "X": -451.56, "Y": 6.21, "Z": 293.82 }, { "X": -320.81, "Y": 6.85, "Z": 239.19 }, { "X": -307.69, "Y": 14.88, "Z": 2.92 }], "LootItems": ["Nopalitender Tuna"] },
  { "Id": 33, "Name": "Milkroot Cluster", "TerritoryId": 152.0, "Positions": [{ "X": 132.76, "Y": -29.16, "Z": -221.35 }, { "X": 92.47, "Y": -29.59, "Z": -157.99 }], "LootItems": ["Ochu Vine"] },
  { "Id": 647, "Name": "Hapalit", "TerritoryId": 156.0, "Positions": [{ "X": 478.57, "Y": -2.78, "Z": -782.27 }], "LootItems": ["Ogre Horn"] },
  { "Id": 4026, "Name": "Okeanis", "TerritoryId": 399.0, "Positions": [{ "X": -570.32, "Y": 136.83, "Z": 446.02 }, { "X": -459.85, "Y": 136.83, "Z": 457.45 }, { "X": -395.25, "Y": 136.83, "Z": 353.18 }, { "X": -713.12, "Y": 136.83, "Z": 546.65 }], "LootItems": ["Okeanis Egg"] },
  { "Id": 4026.1, "Name": "Okeanis", "TerritoryId": 399.0, "Positions": [{ "X": -570.32, "Y": 136.83, "Z": 446.02 }, { "X": -459.85, "Y": 136.83, "Z": 457.45 }, { "X": -395.25, "Y": 136.83, "Z": 353.18 }, { "X": -713.12, "Y": 136.83, "Z": 546.65 }], "LootItems": ["Okeanis Tail"] },
  { "Id": 13444, "Name": "Ophiotauros", "TerritoryId": 961.2, "Positions": [{ "X": -427.65, "Y": 310.87, "Z": -629.83 }, { "X": -316.53, "Y": 325.21, "Z": -752.75 }], "LootItems": ["Ophiotauros Hide"] },
  { "Id": 2268, "Name": "Dune Angler", "TerritoryId": 146.1, "Positions": [{ "X": -162.54, "Y": 11.89, "Z": 450.88 }, { "X": -99.05, "Y": 9.34, "Z": 501.29 }, { "X": -7.85, "Y": 7.79, "Z": 430.33 }], "LootItems": ["Orobon Liver"] },
  { "Id": 13475, "Name": "Ovibos", "TerritoryId": 958.0, "Positions": [{ "X": -240.24, "Y": 22.32, "Z": 342.97 }, { "X": -140.88, "Y": -0.42, "Z": 446.61 }, { "X": 18.27, "Y": -13.02, "Z": 393.90 }, { "X": -98.81, "Y": 1.80, "Z": 318.85 }], "LootItems": ["Ovibos Milk"] },
  { "Id": 10338, "Name": "Ovim Billy", "TerritoryId": 815.2, "Positions": [{ "X": -325.10, "Y": 6.84, "Z": -391.11 }, { "X": -218.91, "Y": 23.32, "Z": -421.07 }, { "X": -127.08, "Y": 35.11, "Z": -506.30 }], "LootItems": ["Ovim Fleece"] },
  { "Id": 10338.1, "Name": "Ovim Billy", "TerritoryId": 815.2, "Positions": [{ "X": -325.10, "Y": 6.84, "Z": -391.11 }, { "X": -218.91, "Y": 23.32, "Z": -421.07 }, { "X": -127.08, "Y": 35.11, "Z": -506.30 }], "LootItems": ["Ovim Meat"] },
  { "Id": 173.1, "Name": "Basilisk", "TerritoryId": 147.0, "Positions": [{ "X": 134.8, "Y": 27.8, "Z": 49.8 }, { "X": 32.9, "Y": 30.0, "Z": 89.3 }, { "X": 6.4, "Y": 21.5, "Z": 177.2 }], "LootItems": ["Peiste Skin"] },
  { "Id": 13447, "Name": "Ianthine Petalouda", "TerritoryId": 961.1, "Positions": [{ "X": -552.07, "Y": -23.19, "Z": 580.67 }, { "X": -600.43, "Y": -22.81, "Z": 455.48 }, { "X": -703.59, "Y": -22.52, "Z": 480.20 }, { "X": -710.96, "Y": -23.96, "Z": 586.46 }], "LootItems": ["Petalouda Scales"] },
  { "Id": 17231, "Name": "Poison Frog", "TerritoryId": 1188.8, "Positions": [{ "X": 483.28, "Y": 5.16, "Z": -387.23 }, { "X": 453.61, "Y": 11.17, "Z": -315.26 }, { "X": 479.06, "Y": 9.34, "Z": -253.81 }], "LootItems": ["Poison Frog Secretions"] },
  { "Id": 65, "Name": "Pteroc", "TerritoryId": 180.0, "Positions": [{ "X": -332.44, "Y": 58.35, "Z": -120.13 }], "LootItems": ["Puk Egg"] },
  { "Id": 65.1, "Name": "Pteroc", "TerritoryId": 180.0, "Positions": [{ "X": -332.44, "Y": 58.35, "Z": -120.13 }], "LootItems": ["Puk Wing"] },
  { "Id": 10399, "Name": "Island Rail", "TerritoryId": 814.1, "Positions": [{ "X": -568.08, "Y": 43.95, "Z": 242.30 }, { "X": -470.81, "Y": 27.61, "Z": 302.51 }, { "X": -465.59, "Y": 47.80, "Z": 195.47 }], "LootItems": ["Rail Tenderloin"] },
  { "Id": 338.1, "Name": "Lost Lamb", "TerritoryId": 134.0, "Positions": [{ "X": 85.75, "Y": 46.16, "Z": 153.54 }, { "X": 78.19, "Y": 59.36, "Z": 246.88 }], "LootItems": ["Ram Horn"] },
  { "Id": 2, "Name": "Grass Raptor", "TerritoryId": 137.0, "Positions": [{ "X": -265.34, "Y": 47.92, "Z": 230.40 }], "LootItems": ["Raptor Shank"] },
  { "Id": 2.1, "Name": "Grass Raptor", "TerritoryId": 137.0, "Positions": [{ "X": -265.34, "Y": 47.92, "Z": 230.40 }], "LootItems": ["Raptor Sinew"] },
  { "Id": 2.2, "Name": "Grass Raptor", "TerritoryId": 137.0, "Positions": [{ "X": -265.34, "Y": 47.92, "Z": 230.40 }], "LootItems": ["Raptor Skin"] },
  { "Id": 22, "Name": "Roselet", "TerritoryId": 148.0, "Positions": [{ "X": -69.43, "Y": -36.82, "Z": 480.57 }, { "X": -14.07, "Y": -33.83, "Z": 392.91 }], "LootItems": ["Red Landtrap Leaf"] },
  { "Id": 325, "Name": "Snipper", "TerritoryId": 137.0, "Positions": [{ "X": 489.30, "Y": 9.74, "Z": 610.44 }, { "X": 480.07, "Y": 9.21, "Z": 729.33 }], "LootItems": ["Red Megalocrab Shell"] },
  { "Id": 17275, "Name": "Rroneek", "TerritoryId": 1190.2, "Positions": [{ "X": -30.66, "Y": 17.29, "Z": -571.84 }, { "X": 82.41, "Y": -0.72, "Z": -553.67 }, { "X": 105.84, "Y": -4.79, "Z": -434.45 }], "LootItems": ["Rroneek Chuck"] },
  { "Id": 17275.1, "Name": "Rroneek", "TerritoryId": 1190.2, "Positions": [{ "X": -30.66, "Y": 17.29, "Z": -571.84 }, { "X": 82.41, "Y": -0.72, "Z": -553.67 }, { "X": 105.84, "Y": -4.79, "Z": -434.45 }], "LootItems": ["Rroneek Fleece"] },
  { "Id": 13948, "Name": "Saiga", "TerritoryId": 958.1, "Positions": [{ "X": 487.56, "Y": 3.07, "Z": 59.49 }, { "X": 584.30, "Y": 7.10, "Z": -83.35 }], "LootItems": ["Saiga Hide"] },
  { "Id": 357, "Name": "Sandworm", "TerritoryId": 146.1, "Positions": [{ "X": 53.06, "Y": 27.37, "Z": 531.60 }, { "X": 145.00, "Y": 9.08, "Z": 597.76 }, { "X": 63.52, "Y": 3.86, "Z": 668.25 }], "LootItems": ["Sandworm Fang"] },
  { "Id": 44, "Name": "Jumping Djigga", "TerritoryId": 399.0, "Positions": [{ "X": -281.91, "Y": 12.12, "Z": -36.13 }], "LootItems": ["Scalekin Blood"] },
  { "Id": 10315, "Name": "Tempest Swallow", "TerritoryId": 818.0, "Positions": [{ "X": 292.93, "Y": 335.24, "Z": -289.03 }, { "X": 390.26, "Y": 351.01, "Z": -292.83 }, { "X": 344.24, "Y": 350.76, "Z": -119.92 }], "LootItems": ["Sea Swallow Skin"] },
  { "Id": 48, "Name": "Toadstool", "TerritoryId": 148.0, "Positions": [{ "X": -266.67, "Y": 59.08, "Z": -182.35 }, { "X": -372.47, "Y": 65.29, "Z": -219.27 }], "LootItems": ["Shriekshroom"] },
  { "Id": 10371, "Name": "Silkmoth", "TerritoryId": 813.1, "Positions": [{ "X": -570.17, "Y": 32.42, "Z": -328.48 },  { "X": -567.29, "Y": 21.27, "Z": -164.26 }, { "X": -477.49, "Y": 74.05, "Z": -431.83 }], "LootItems": ["Silkmoth Scales"] },
  { "Id": 17468, "Name": "Silver Lobo", "TerritoryId": 1187.0, "Positions": [{ "X": 187.54, "Y": -112.32, "Z": -343.23 }, { "X": 347.41, "Y": -128.67, "Z": -295.27 }], "LootItems": ["Silver Lobo Hide"] },
  { "Id": 10376, "Name": "Smilodon", "TerritoryId": 813.1, "Positions": [{ "X": -539.91, "Y": 82.90, "Z": -529.83 }, { "X": -441.99, "Y": 97.37, "Z": -556.62 }, { "X": -366.52, "Y": 98.92, "Z": -490.45 }], "LootItems": ["Smilodon Skin"] },
  { "Id": 204, "Name": "Golden Fleece", "TerritoryId": 145.0, "Positions": [{ "X": 312.48, "Y": -13.19, "Z": 156.30 }, { "X": 428.72, "Y": 7.64, "Z": 147.75 }, { "X": 215.49, "Y": -14.83, "Z": 158.89 }], "LootItems": ["Snurble Tufts"] },
  { "Id": 130, "Name": "Lesser Kalong", "TerritoryId": 154.0, "Positions": [{ "X": 24.10, "Y": -13.71, "Z": -23.89 }, { "X": 65.86, "Y": 6.97, "Z": -82.58 }, { "X": 155.28, "Y": 6.75, "Z": -50.00 }], "LootItems": ["Spoken Blood"] },
  { "Id": 6632.2, "Name": "Steppe Dzo", "TerritoryId": 622.0, "Positions": [{ "X": 286.53, "Y": -16.30, "Z": 493.48 }, { "X": 391.02, "Y": -12.19, "Z": 542.35 }, { "X": 480.07, "Y": -20.75, "Z": 616.81 }, { "X": 327.52, "Y": -28.73, "Z": 616.70 }], "LootItems": ["Steppe Milk"] },
  { "Id": 17229, "Name": "Swampmonk", "TerritoryId": 1188.2, "Positions": [{ "X": 65.29, "Y": 109.87, "Z": 345.75 }, { "X": -18.78, "Y": 110.19, "Z": 357.68 }, { "X": -81.14, "Y": 109.20, "Z": 410.89 }, { "X": -148.80, "Y": 110.46, "Z": 348.58 }], "LootItems": ["Swampmonk Thigh"] },
  { "Id": 6691, "Name": "Baras", "TerritoryId": 622.2, "Positions": [{ "X": -576.29, "Y": 43.07, "Z": 44.51 }, { "X": -465.05, "Y": 39.98, "Z": 75.61 }, { "X": -331.05, "Y": 32.31, "Z": 34.01 }], "LootItems": ["Tiger Skin"] },
  { "Id": 24, "Name": "Sylphlands Sentinel", "TerritoryId": 152.0, "Positions": [{ "X": 148.50, "Y": -24.89, "Z": -514.74 }, { "X": -32.87, "Y": -34.94, "Z": -537.04 }], "LootItems": ["Treant Sap"] },
  { "Id": 6602, "Name": "True Griffin", "TerritoryId": 620.1, "Positions": [{ "X": 85.22, "Y": 305.42, "Z": 177.80 }, { "X": 214.03, "Y": 316.62, "Z": 167.13 }, { "X": 304.48, "Y": 321.94, "Z": 231.02 }], "LootItems": ["True Griffin Hide"] },
  { "Id": 17269, "Name": "Tumbleclaw", "TerritoryId": 1190.0, "Positions": [{ "X": 427.52, "Y": 18.57, "Z": 638.46 }, { "X": 585.00, "Y": 18.21, "Z": 595.67 }, { "X": 600.96, "Y": 16.22, "Z": 452.94 }], "LootItems": ["Tumbleclaw Weeds"] },
  { "Id": 6666, "Name": "Highland Eruca", "TerritoryId": 620.1, "Positions": [{ "X": 101.99, "Y": 305.02, "Z": 748.89 }, { "X": 176.08, "Y": 305.00, "Z": 582.65 }], "LootItems": ["Twincoon"] },
  { "Id": 10291, "Name": "Vampire Cup", "TerritoryId": 817.0, "Positions": [{ "X": -836.77, "Y": 5.61, "Z": 46.39 }, { "X": -751.51, "Y": -0.30, "Z": 55.72 }, { "X": -649.80, "Y": -0.30, "Z": 72.75 }, { "X": -639.12, "Y": -0.30, "Z": 163.66 }], "LootItems": ["Vampire Cup Vine"] },
  { "Id": 10278, "Name": "Vampire Vine", "TerritoryId": 817.0, "Positions": [{ "X": -691.15, "Y": 6.19, "Z": 638.00 }, { "X": -586.21, "Y": 3.32, "Z": 720.74 }], "LootItems": ["Vampire Vine Sap"] },
  { "Id": 39, "Name": "Tree Slug", "TerritoryId": 134.0, "Positions": [{ "X": -234.13, "Y": 8.27, "Z": 10.57 }, { "X": -288.31, "Y": 19.19, "Z": 89.38 }, { "X": -315.71, "Y": 21.06, "Z": 179.02 }], "LootItems": ["Viscous Secretions"] },
  { "Id": 731, "Name": "Snow Wolf", "TerritoryId": 155.0, "Positions": [{ "X": -492.25, "Y": 240.66, "Z": 445.95 }, { "X": -380.08, "Y": 237.09, "Z": 501.94 }, { "X": -260.73, "Y": 223.97, "Z": 506.98 }, { "X": -281.65, "Y": 223.66, "Z": 600.75 }], "LootItems": ["Wolf Fang"] },
  { "Id": 732, "Name": "Dravanian Wyvern", "TerritoryId": 398.1, "Positions": [{ "X": -442.06, "Y": -85.11, "Z": 567.36 }, { "X": -525.38, "Y": -87.16, "Z": 437.83 }, { "X": -661.52, "Y": -102.60, "Z": 663.21 }], "LootItems": ["Wyvern Skin"] },
  { "Id": 732.1, "Name": "Dravanian Wyvern", "TerritoryId": 398.1, "Positions": [{ "X": -442.06, "Y": -85.11, "Z": 567.36 }, { "X": -525.38, "Y": -87.16, "Z": 437.83 }, { "X": -661.52, "Y": -102.60, "Z": 663.21 }], "LootItems": ["Wyvern Wing"] },
  { "Id": 3988, "Name": "Wooly Yak", "TerritoryId": 397.0, "Positions": [{ "X": -348.18, "Y": 83.83, "Z": -286.14 }, { "X": -175.46, "Y": 90.92, "Z": -366.32 }, { "X": -53.53, "Y": 96.35, "Z": -375.24 }], "LootItems": ["Yak Milk"] },
  { "Id": 13394, "Name": "Yakow", "TerritoryId": 956.1, "Positions": [{ "X": -334.17, "Y": 80.37, "Z": -495.68 }, { "X": -204.53, "Y": 81.12, "Z": -538.06 }, { "X": -176.26, "Y": 60.77, "Z": -436.01 }], "LootItems": ["Yakow Chuck"] },
  { "Id": 3992, "Name": "Slate Yeti", "TerritoryId": 397.0, "Positions": [{ "X": 107.77, "Y": 220.23, "Z": 465.35 }, { "X": -308.22, "Y": 216.93, "Z": 339.12 }, { "X": -267.10, "Y": 219.91, "Z": 208.05 }], "LootItems": ["Yeti Fang"] },
  { "Id": 10349, "Name": "Flame Zonure", "TerritoryId": 815.1, "Positions": [{ "X": 44.44, "Y": -56.90, "Z": 724.55 }, { "X": 124.86, "Y": -71.19, "Z": 648.58 }, { "X": 266.48, "Y": -80.12, "Z": 686.60 }], "LootItems": ["Zonure Skin"] }
]
