[
  { "Id": 129.0, "TeleportCommand": "/tp Lominsa Lower Decks"},
  { "Id": 134.0, "TeleportCommand": "/tp Summerford Farms"},
  { "Id": 135.0, "TeleportCommand": "/tp Moraby Drydocks"},
  { "Id": 137.0, "TeleportCommand": "/tp Costa del Sol"},
  { "Id": 137.1, "TeleportCommand": "/tp Wineport"},
  { "Id": 138.0, "TeleportCommand": "/tp Swiftperch"},
  { "Id": 138.1, "TeleportCommand": "/tp Aleport"},
  { "Id": 139.0, "TeleportCommand": "/tp Camp Bronze Lake"},
  { "Id": 180.0, "TeleportCommand": "/tp Camp Overlook"},
  { "Id": 250.0, "TeleportCommand": "/tp Wolves' Den Pier"},
  { "Id": 132.0, "TeleportCommand": "/tp Gridania"},
  { "Id": 148.0, "TeleportCommand": "/tp Bentbranch Meadows"},
  { "Id": 152.0, "TeleportCommand": "/tp The Hawthorne"},
  { "Id": 153.0, "TeleportCommand": "/tp Quarrymill"},
  { "Id": 153.1, "TeleportCommand": "/tp Camp Tranquil"},
  { "Id": 154.0, "TeleportCommand": "/tp Fallgourd"},
  { "Id": 130.0, "TeleportCommand": "/tp Ul'dah - Steps of Nald"},
  { "Id": 140.0, "TeleportCommand": "/tp Horizon"},
  { "Id": 141.0, "TeleportCommand": "/tp Black Brush Station"},
  { "Id": 145.0, "TeleportCommand": "/tp Camp Drybone"},
  { "Id": 146.0, "TeleportCommand": "/tp Little Ala Mhigo"},
  { "Id": 146.1, "TeleportCommand": "/tp Forgotten Springs"},
  { "Id": 147.0, "TeleportCommand": "/tp Camp Bluefog"},
  { "Id": 147.1, "TeleportCommand": "/tp Ceruleum Processing"},
  { "Id": 144.0, "TeleportCommand": "/tp The Gold Saucer"},
  { "Id": 418.0, "TeleportCommand": "/tp Foundation"},
  { "Id": 155.0, "TeleportCommand": "/tp Camp Dragonhead"},
  { "Id": 397.0, "TeleportCommand": "/tp Falcon's Nest"},
  { "Id": 401.0, "TeleportCommand": "/tp Camp Cloudtop"},
  { "Id": 401.1, "TeleportCommand": "/tp Ok' Zundu"},
  { "Id": 402.0, "TeleportCommand": "/tp Helix"},
  { "Id": 478.0, "TeleportCommand": "/tp Idyllshire"},
  { "Id": 398.0, "TeleportCommand": "/tp Tailfeather"},
  { "Id": 398.1, "TeleportCommand": "/tp Anyx Trine"},
  { "Id": 400.0, "TeleportCommand": "/tp Moghome"},
  { "Id": 400.1, "TeleportCommand": "/tp Zenith"},
  { "Id": 635.0, "TeleportCommand": "/tp Rhalgr's Reach"},
  { "Id": 612.0, "TeleportCommand": "/tp Castrum Oriens"},
  { "Id": 612.1, "TeleportCommand": "/tp The Peering Stones"},
  { "Id": 620.0, "TeleportCommand": "/tp Ala Gannha"},
  { "Id": 620.1, "TeleportCommand": "/tp Ala Ghiri"},
  { "Id": 621.0, "TeleportCommand": "/tp Porta Praetoria"},
  { "Id": 621.1, "TeleportCommand": "/tp The Ala Mhigan Quarter"},
  { "Id": 628.0, "TeleportCommand": "/tp Kugane"},
  { "Id": 613.0, "TeleportCommand": "/tp Tamamizu"},
  { "Id": 613.1, "TeleportCommand": "/tp Onokoro"},
  { "Id": 614.0, "TeleportCommand": "/tp Namai"},
  { "Id": 614.1, "TeleportCommand": "/tp The House of the Fierce"},
  { "Id": 622.0, "TeleportCommand": "/tp Reunion"},
  { "Id": 622.1, "TeleportCommand": "/tp The Dawn Throne"},
  { "Id": 622.2, "TeleportCommand": "/tp Dhoro Iloh"},
  { "Id": 759.0, "TeleportCommand": "/tp The Doman Enclave"},
  { "Id": 963.0, "TeleportCommand": "/tp Radz-at-Han"},
  { "Id": 957.0, "TeleportCommand": "/tp Yedlihmad"},
  { "Id": 957.1, "TeleportCommand": "/tp The Great Work"},
  { "Id": 957.2, "TeleportCommand": "/tp Palaka's Stand"},
  { "Id": 958.0, "TeleportCommand": "/tp Camp Broken Glass"},
  { "Id": 958.1, "TeleportCommand": "/tp Tertium"},
  { "Id": 1185.0, "TeleportCommand": "/tp Tuliyollal"},
  { "Id": 1187.0, "TeleportCommand": "/tp Wachunpelo"},
  { "Id": 1187.1, "TeleportCommand": "/tp Worlar's Echo"},
  { "Id": 1188.0, "TeleportCommand": "/tp Ok'hanu"},
  { "Id": 1188.1, "TeleportCommand": "/tp Many Fires"},
  { "Id": 1188.2, "TeleportCommand": "/tp Earthenshire"},
  { "Id": 1188.3, "TeleportCommand": "/tp Dock Poga"},
  { "Id": 1189.0, "TeleportCommand": "/tp Iq Br'aax"},
  { "Id": 1189.1, "TeleportCommand": "/tp Mamook"},
  { "Id": 1186.0, "TeleportCommand": "/tp Solution Nine"},
  { "Id": 1190.0, "TeleportCommand": "/tp Hhusatahwi"},
  { "Id": 1190.1, "TeleportCommand": "/tp Sheshenewezi Springs"},
  { "Id": 1190.2, "TeleportCommand": "/tp Mehwahhetsoan"},
  { "Id": 1191.0, "TeleportCommand": "/tp Yyasulani Station"},
  { "Id": 1191.1, "TeleportCommand": "/tp The Outskirts"},
  { "Id": 1191.2, "TeleportCommand": "/tp Electrope Strike"},
  { "Id": 819.0, "TeleportCommand": "/tp The Crystarium"},
  { "Id": 820.0, "TeleportCommand": "/tp Eulmore"},
  { "Id": 813.0, "TeleportCommand": "/tp Fort Jobb"},
  { "Id": 813.1, "TeleportCommand": "/tp The Ostall Imperative"},
  { "Id": 814.0, "TeleportCommand": "/tp Stilltide"},
  { "Id": 814.1, "TeleportCommand": "/tp Wright"},
  { "Id": 814.2, "TeleportCommand": "/tp Tomra"},
  { "Id": 815.0, "TeleportCommand": "/tp Mord Souq"},
  { "Id": 815.1, "TeleportCommand": "/tp The Inn at Journey's Head"},
  { "Id": 815.2, "TeleportCommand": "/tp Twine"},
  { "Id": 816.0, "TeleportCommand": "/tp Lydha Lran"},
  { "Id": 816.1, "TeleportCommand": "/tp Pla Enni"},
  { "Id": 816.2, "TeleportCommand": "/tp Wolekdorf"},
  { "Id": 817.0, "TeleportCommand": "/tp Slitherbough"},
  { "Id": 817.1, "TeleportCommand": "/tp Fanow"},
  { "Id": 818.0, "TeleportCommand": "/tp The Ondo Cups"},
  { "Id": 818.1, "TeleportCommand": "/tp The Macarenses Angle"},
  { "Id": 156.0, "TeleportCommand": "/tp Revenant's Toll"},
  { "Id": 962.0, "TeleportCommand": "/tp Old Sharlayan"},
  { "Id": 956.0, "TeleportCommand": "/tp The Archeion"},
  { "Id": 956.1, "TeleportCommand": "/tp Sharlayan Hamlet"},
  { "Id": 956.2, "TeleportCommand": "/tp Aporia"},
  { "Id": 959.0, "TeleportCommand": "/tp Sinus Lacrimarum"},
  { "Id": 959.1, "TeleportCommand": "/tp Bestways Burrow"},
  { "Id": 960.0, "TeleportCommand": "/tp Reah Tahra"},
  { "Id": 960.1, "TeleportCommand": "/tp Abode of the Ea"},
  { "Id": 960.2, "TeleportCommand": "/tp Base Omicron"},
  { "Id": 961.0, "TeleportCommand": "/tp Anagnorisis"},
  { "Id": 961.1, "TeleportCommand": "/tp The Twelve Wonders"},
  { "Id": 961.2, "TeleportCommand": "/tp Poieten Oikos"},
  { "Id": 1192.0, "TeleportCommand": "/tp Leynode Mnemo"},
  { "Id": 1192.1, "TeleportCommand": "/tp Leynode Pyro"},
  { "Id": 1192.2, "TeleportCommand": "/tp Leynode Aero"},
  { "Id": 399.0, "TeleportCommand": "/li hinterland"}
]