{
  "129.0": {
    "Id": 129.0,
    "Teleport": "/tp Lominsa Lower Decks"
  },
  "134.0": {
    "Id": 134.0,
    "Teleport": "/tp Summerford Farms"
  },
  "135.0": {
    "Id": 135.0,
    "Teleport": "/tp Moraby Drydocks"
  },
  "137.0": {
    "Id": 137.0,
    "Teleport": "/tp Costa del Sol"
  },
  "137.1": {
    "Id": 137.1,
    "Teleport": "/tp Wineport"
  },
  "138.0": {
    "Id": 138.0,
    "Teleport": "/tp Swiftperch"
  },
  "138.1": {
    "Id": 138.1,
    "Teleport": "/tp Aleport"
  },
  "139.0": {
    "Id": 139.0,
    "Teleport": "/tp Camp Bronze Lake"
  },
  "180.0": {
    "Id": 180.0,
    "Teleport": "/tp Camp Overlook"
  },
  "250.0": {
    "Id": 250.0,
    "Teleport": "/tp Wolves' Den Pier"
  },
  "132.0": {
    "Id": 132.0,
    "Teleport": "/tp Gridania"
  },
  "148.0": {
    "Id": 148.0,
    "Teleport": "/tp Bentbranch Meadows"
  },
  "152.0": {
    "Id": 152.0,
    "Teleport": "/tp The Hawthorne"
  },
  "153.0": {
    "Id": 153.0,
    "Teleport": "/tp Quarrymill"
  },
  "153.1": {
    "Id": 153.1,
    "Teleport": "/tp Camp Tranquil"
  },
  "154.0": {
    "Id": 154.0,
    "Teleport": "/tp Fallgourd"
  },
  "130.0": {
    "Id": 130.0,
    "Teleport": "/tp Ul'dah - Steps of Nald"
  },
  "140.0": {
    "Id": 140.0,
    "Teleport": "/tp Horizon"
  },
  "141.0": {
    "Id": 141.0,
    "Teleport": "/tp Black Brush Station"
  },
  "145.0": {
    "Id": 145.0,
    "Teleport": "/tp Camp Drybone"
  },
  "146.0": {
    "Id": 146.0,
    "Teleport": "/tp Little Ala Mhigo"
  },
  "146.1": {
    "Id": 146.1,
    "Teleport": "/tp Forgotten Springs"
  },
  "147.0": {
    "Id": 147.0,
    "Teleport": "/tp Camp Bluefog"
  },
  "147.1": {
    "Id": 147.1,
    "Teleport": "/tp Ceruleum Processing"
  },
  "144.0": {
    "Id": 144.0,
    "Teleport": "/tp The Gold Saucer"
  },
  "418.0": {
    "Id": 418.0,
    "Teleport": "/tp Foundation"
  },
  "155.0": {
    "Id": 155.0,
    "Teleport": "/tp Camp Dragonhead"
  },
  "397.0": {
    "Id": 397.0,
    "Teleport": "/tp Falcon's Nest"
  },
  "401.0": {
    "Id": 401.0,
    "Teleport": "/tp Camp Cloudtop"
  },
  "401.1": {
    "Id": 401.1,
    "Teleport": "/tp Ok' Zundu"
  },
  "402.0": {
    "Id": 402.0,
    "Teleport": "/tp Helix"
  },
  "478.0": {
    "Id": 478.0,
    "Teleport": "/tp Idyllshire"
  },
  "398.0": {
    "Id": 398.0,
    "Teleport": "/tp Tailfeather"
  },
  "398.1": {
    "Id": 398.1,
    "Teleport": "/tp Anyx Trine"
  },
  "400.0": {
    "Id": 400.0,
    "Teleport": "/tp Moghome"
  },
  "400.1": {
    "Id": 400.1,
    "Teleport": "/tp Zenith"
  },
  "635.0": {
    "Id": 635.0,
    "Teleport": "/tp Rhalgr's Reach"
  },
  "612.0": {
    "Id": 612.0,
    "Teleport": "/tp Castrum Oriens"
  },
  "612.1": {
    "Id": 612.1,
    "Teleport": "/tp The Peering Stones"
  },
  "620.0": {
    "Id": 620.0,
    "Teleport": "/tp Ala Gannha"
  },
  "620.1": {
    "Id": 620.1,
    "Teleport": "/tp Ala Ghiri"
  },
  "621.0": {
    "Id": 621.0,
    "Teleport": "/tp Porta Praetoria"
  },
  "621.1": {
    "Id": 621.1,
    "Teleport": "/tp The Ala Mhigan Quarter"
  },
  "628.0": {
    "Id": 628.0,
    "Teleport": "/tp Kugane"
  },
  "613.0": {
    "Id": 613.0,
    "Teleport": "/tp Tamamizu"
  },
  "613.1": {
    "Id": 613.1,
    "Teleport": "/tp Onokoro"
  },
  "614.0": {
    "Id": 614.0,
    "Teleport": "/tp Namai"
  },
  "614.1": {
    "Id": 614.1,
    "Teleport": "/tp The House of the Fierce"
  },
  "622.0": {
    "Id": 622.0,
    "Teleport": "/tp Reunion"
  },
  "622.1": {
    "Id": 622.1,
    "Teleport": "/tp The Dawn Throne"
  },
  "622.2": {
    "Id": 622.2,
    "Teleport": "/tp Dhoro Iloh"
  },
  "759.0": {
    "Id": 759.0,
    "Teleport": "/tp The Doman Enclave"
  },
  "963.0": {
    "Id": 963.0,
    "Teleport": "/tp Radz-at-Han"
  },
  "957.0": {
    "Id": 957.0,
    "Teleport": "/tp Yedlihmad"
  },
  "957.1": {
    "Id": 957.1,
    "Teleport": "/tp The Great Work"
  },
  "957.2": {
    "Id": 957.2,
    "Teleport": "/tp Palaka's Stand"
  },
  "958.0": {
    "Id": 958.0,
    "Teleport": "/tp Camp Broken Glass"
  },
  "958.1": {
    "Id": 958.1,
    "Teleport": "/tp Tertium"
  },
  "1185.0": {
    "Id": 1185.0,
    "Teleport": "/tp Tuliyollal"
  },
  "1187.0": {
    "Id": 1187.0,
    "Teleport": "/tp Wachunpelo"
  },
  "1187.1": {
    "Id": 1187.1,
    "Teleport": "/tp Worlar's Echo"
  },
  "1188.0": {
    "Id": 1188.0,
    "Teleport": "/tp Ok'hanu"
  },
  "1188.1": {
    "Id": 1188.1,
    "Teleport": "/tp Many Fires"
  },
  "1188.2": {
    "Id": 1188.2,
    "Teleport": "/tp Earthenshire"
  },
  "1188.3": {
    "Id": 1188.3,
    "Teleport": "/tp Iq Br'aax"
  },
  "1189.0": {
    "Id": 1189.0,
    "Teleport": "/tp Mamook"
  },
  "1186.0": {
    "Id": 1186.0,
    "Teleport": "/tp Solution Nine"
  },
  "1190.0": {
    "Id": 1190.0,
    "Teleport": "/tp Hhusatahwi"
  },
  "1190.1": {
    "Id": 1190.1,
    "Teleport": "/tp Sheshenewezi Springs"
  },
  "1190.2": {
    "Id": 1190.2,
    "Teleport": "/tp Mehwahhetsoan"
  },
  "1191.0": {
    "Id": 1191.0,
    "Teleport": "/tp Yyasulani Station"
  },
  "1191.1": {
    "Id": 1191.1,
    "Teleport": "/tp The Outskirts"
  },
  "1191.2": {
    "Id": 1191.2,
    "Teleport": "/tp Electrope Strike"
  },
  "819.0": {
    "Id": 819.0,
    "Teleport": "/tp The Crystarium"
  },
  "820.0": {
    "Id": 820.0,
    "Teleport": "/tp Eulmore"
  },
  "813.0": {
    "Id": 813.0,
    "Teleport": "/tp Fort Jobb"
  },
  "813.1": {
    "Id": 813.1,
    "Teleport": "/tp The Ostall Imperative"
  },
  "814.0": {
    "Id": 814.0,
    "Teleport": "/tp Stilltide"
  },
  "814.1": {
    "Id": 814.1,
    "Teleport": "/tp Wright"
  },
  "814.2": {
    "Id": 814.2,
    "Teleport": "/tp Tomra"
  },
  "815.0": {
    "Id": 815.0,
    "Teleport": "/tp Mord Souq"
  },
  "815.1": {
    "Id": 815.1,
    "Teleport": "/tp The Inn at Journey's Head"
  },
  "815.2": {
    "Id": 815.2,
    "Teleport": "/tp Twine"
  },
  "816.0": {
    "Id": 816.0,
    "Teleport": "/tp Lydha Lran"
  },
  "816.1": {
    "Id": 816.1,
    "Teleport": "/tp Pla Enni"
  },
  "816.2": {
    "Id": 816.2,
    "Teleport": "/tp Wolekdorf"
  },
  "817.0": {
    "Id": 817.0,
    "Teleport": "/tp Slitherbough"
  },
  "817.1": {
    "Id": 817.1,
    "Teleport": "/tp Fanow"
  },
  "818.0": {
    "Id": 818.0,
    "Teleport": "/tp The Ondo Cups"
  },
  "818.1": {
    "Id": 818.1,
    "Teleport": "/tp The Macarenses Angle"
  },
  "156.0": {
    "Id": 156.0,
    "Teleport": "/tp Revenant's Toll"
  },
  "962.0": {
    "Id": 962.0,
    "Teleport": "/tp Old Sharlayan"
  },
  "956.0": {
    "Id": 956.0,
    "Teleport": "/tp The Archeion"
  },
  "956.1": {
    "Id": 956.1,
    "Teleport": "/tp Sharlayan Hamlet"
  },
  "956.2": {
    "Id": 956.2,
    "Teleport": "/tp Aporia"
  },
  "959.0": {
    "Id": 959.0,
    "Teleport": "/tp Sinus Lacrimarum"
  },
  "959.1": {
    "Id": 959.1,
    "Teleport": "/tp Bestways Burrow"
  },
  "960.0": {
    "Id": 960.0,
    "Teleport": "/tp Reah Tahra"
  },
  "960.1": {
    "Id": 960.1,
    "Teleport": "/tp Abode of the Ea"
  },
  "960.2": {
    "Id": 960.2,
    "Teleport": "/tp Base Omicron"
  },
  "961.0": {
    "Id": 961.0,
    "Teleport": "/tp Anagnorisis"
  },
  "961.1": {
    "Id": 961.1,
    "Teleport": "/tp The Twelve Wonders"
  },
  "961.2": {
    "Id": 961.2,
    "Teleport": "/tp Poieten Oikos"
  },
  "1192.0": {
    "Id": 1192.0,
    "Teleport": "/tp Leynode Mnemo"
  },
  "1192.1": {
    "Id": 1192.1,
    "Teleport": "/tp Leynode Pyro"
  },
  "1192.2": {
    "Id": 1192.2,
    "Teleport": "/tp Leynode Aero"
  }
}