{
  "173": {
    "Id": 173,
    "Name": "Basilisk",
    "Positions": [
      { "X": 134.8, "Y": 27.8, "Z": 49.8 },
      { "X": 32.9, "Y": 30.0, "Z": 89.3 },
      { "X": 6.4, "Y": 21.5, "Z": 177.2 }
    ],
    "TerritoryId": 147.0,
    "LootItems": [ "Basilisk Egg", "Peiste Skin" ]
  },
  "17465": {
    "Id": 17465,
    "Name": "Alpaca",
    "Positions": [
      { "X": 532.6, "Y": -128.5, "Z": -396.36 }
    ],
    "TerritoryId": 1187.0,
    "LootItems": [ "Alpaca Fillet" ]
  },
  "17465": {
    "Id": 17275,
    "Name": "Rroneek",
    "Positions": [
      { "X": 532.6, "Y": -128.5, "Z": -396.36 }
    ],
    "TerritoryId": 1187.0,
    "LootItems": [ "Rroneek Chunk" ]
  }
}